station_id,latitude,longitude,has_tmax,has_tmin,tmax_start,tmax_end,tmin_start,tmin_end,usable_temp_start,usable_temp_end,usable_temp_years,is_target_candidate,is_hub_candidate
MXM00076061,31.3,-113.55,1,1,1949,2026,1949,2026,1949,2026,78,1,1
USC00020080,32.3697,-112.86,1,1,1915,2026,1915,2026,1915,2026,112,1,1
USC00020159,33.8492,-109.147,1,1,1912,2026,1912,2026,1912,2026,115,1,1
USC00020287,31.9792,-111.384,1,1,1942,2026,1942,2026,1942,2026,85,1,1
USC00020586,34.5975,-113.174,1,1,1929,2026,1929,2026,1929,2026,98,1,1
USC00020632,33.8097,-111.65,1,1,1940,2026,1940,2026,1940,2026,87,1,1
USC00020672,36.9139,-113.942,1,1,1956,2020,1956,2020,1956,2020,65,1,1
USC00020750,36.6778,-110.541,1,1,1939,2026,1939,2026,1939,2026,88,1,1
USC00020808,33.4783,-109.752,1,1,1951,2026,1951,2026,1951,2026,76,1,1
USC00021001,36.2147,-112.062,1,1,1925,2025,1925,2025,1925,2025,101,1,1
USC00021306,32.8875,-111.715,1,1,1903,2026,1903,2026,1903,2026,124,1,1
USC00021314,32.9947,-111.537,1,1,1908,2026,1908,2026,1908,2026,119,1,1
USC00022109,34.305,-112.165,1,1,1930,2026,1929,2026,1930,2026,97,1,1
USC00022140,31.3456,-110.254,1,1,1960,2026,1960,2026,1960,2026,67,1,1
USC00022754,32.7481,-109.121,1,1,1901,2026,1901,2026,1901,2026,126,1,1
USC00023160,35.2719,-111.73,1,1,1909,2026,1909,2026,1909,2026,118,1,1
USC00023393,32.9381,-112.681,1,1,1892,2026,1892,2026,1892,2026,135,1,1
USC00023961,34.3925,-110.558,1,1,1950,2026,1950,2026,1950,2026,77,1,1
USC00024453,34.7539,-112.111,1,1,1897,2026,1897,2026,1897,2026,130,1,1
USC00024675,31.9603,-111.598,1,1,1960,2026,1960,2026,1960,2026,67,1,1
USC00024977,33.4992,-112.363,1,1,1917,2021,1917,2021,1917,2021,105,1,1
USC00025412,34.1133,-109.86,1,1,1933,2026,1933,2026,1933,2026,94,1,1
USC00025635,34.6106,-111.838,1,1,1938,2026,1938,2026,1938,2026,89,1,1
USC00025700,33.5536,-111.445,1,1,1923,2026,1923,2026,1923,2026,104,1,1
USC00025732,32.4486,-110.754,1,1,1958,2024,1958,2024,1958,2024,67,1,1
USC00025825,34.3219,-111.453,1,1,1914,2026,1914,2026,1914,2026,113,1,1
USC00025924,31.4553,-110.968,1,1,1952,2026,1952,2026,1952,2026,75,1,1
USC00026132,31.9556,-112.8,1,1,1944,2026,1944,2026,1944,2026,83,1,1
USC00026242,31.9353,-109.219,1,1,1906,2026,1906,2026,1906,2026,121,1,1
USC00026250,34.1547,-114.291,1,1,1893,2024,1893,2024,1893,2024,132,1,1
USC00026353,31.9372,-109.839,1,1,1913,2026,1913,2026,1913,2026,114,1,1
USC00026468,34.7994,-109.885,1,1,1931,2026,1931,2026,1931,2026,96,1,1
USC00026601,34.1239,-109.922,1,1,1947,2020,1947,2020,1947,2020,74,1,1
USC00026796,34.5706,-112.432,1,1,1898,2026,1898,2026,1898,2026,129,1,1
USC00026865,33.6653,-114.228,1,1,1908,2022,1908,2022,1908,2022,115,1,1
USC00027281,33.6489,-111.109,1,1,1905,2026,1905,2026,1905,2026,122,1,1
USC00027390,32.815,-109.681,1,1,1948,2026,1948,2026,1948,2026,79,1,1
USC00027435,34.5181,-109.401,1,1,1901,2026,1901,2026,1901,2026,126,1,1
USC00027480,33.1819,-110.526,1,1,1900,2026,1900,2026,1900,2026,127,1,1
USC00027488,35.2239,-109.322,1,1,1949,2026,1949,2026,1949,2026,78,1,1
USC00027530,32.6014,-110.629,1,1,1954,2025,1954,2025,1954,2025,72,1,1
USC00027560,32.2933,-109.227,1,1,1903,2026,1903,2026,1903,2026,124,1,1
USC00027619,31.4831,-111.544,1,1,1959,2026,1959,2026,1959,2026,68,1,1
USC00027708,34.8611,-111.82,1,1,1943,2026,1943,2026,1943,2026,84,1,1
USC00027716,35.3319,-112.879,1,1,1904,2025,1904,2025,1904,2025,122,1,1
USC00028162,34.1311,-109.275,1,1,1911,2026,1911,2026,1911,2026,116,1,1
USC00028499,33.4256,-111.922,1,1,1953,2026,1953,2026,1953,2026,74,1,1
USC00028619,31.7119,-110.069,1,1,1893,2026,1893,2026,1893,2026,134,1,1
USC00028865,31.5678,-111.05,1,1,1946,2026,1946,2026,1946,2026,81,1,1
USC00029156,35.1722,-111.51,1,1,1910,2026,1910,2026,1910,2026,117,1,1
USC00029158,34.9281,-112.81,1,1,1951,2026,1951,2026,1951,2026,76,1,1
USC00029309,34.7056,-113.612,1,1,1952,2026,1952,2026,1952,2026,75,1,1
USC00029334,32.2553,-109.837,1,1,1903,2026,1903,2026,1903,2026,124,1,1
USC00029359,35.2414,-112.193,1,1,1897,2026,1897,2026,1897,2026,130,1,1
USC00029464,33.7775,-112.523,1,1,1930,2020,1930,2020,1930,2020,91,1,1
USC00029542,35.5197,-111.372,1,1,1940,2026,1940,2026,1940,2026,87,1,1
USC00046699,34.2897,-114.171,1,1,1934,2026,1934,2026,1934,2026,93,1,1
USC00050109,40.155,-103.142,1,1,1893,2026,1893,2026,1893,2026,134,1,1
USC00050214,39.4992,-108.381,1,1,1958,2026,1958,2026,1958,2026,69,1,1
USC00050454,39.4053,-105.476,1,1,1901,2022,1901,2022,1901,2022,122,1,1
USC00050834,39.6567,-102.119,1,1,1949,2026,1949,2026,1949,2026,78,1,1
USC00050848,39.9928,-105.267,1,1,1893,2026,1893,2026,1893,2026,134,1,1
USC00051071,38.8247,-106.127,1,1,1905,2026,1905,2026,1905,2026,122,1,1
USC00051121,39.3061,-102.261,1,1,1903,2026,1903,2026,1903,2026,124,1,1
USC00051294,38.46,-105.226,1,1,1893,2026,1893,2026,1893,2026,134,1,1
USC00051401,39.3864,-104.864,1,1,1893,2025,1893,2025,1893,2025,133,1,1
USC00051528,39.2203,-105.278,1,1,1902,2026,1902,2026,1902,2026,125,1,1
USC00051564,38.8575,-102.333,1,1,1897,2020,1897,2020,1897,2020,124,1,1
USC00051609,38.4433,-107.557,1,1,1951,2026,1951,2026,1951,2026,76,1,1
USC00051660,39.3672,-106.19,1,1,1895,2026,1895,2026,1895,2026,132,1,1
USC00051713,38.4431,-106.762,1,1,1947,2026,1947,2026,1947,2026,80,1,1
USC00051741,39.2403,-107.957,1,1,1900,2026,1900,2026,1900,2026,127,1,1
USC00051772,39.1014,-108.734,1,1,1940,2026,1940,2026,1940,2026,87,1,1
USC00051886,37.3444,-108.595,1,1,1911,2026,1911,2026,1911,2026,116,1,1
USC00051959,38.8739,-106.977,1,1,1910,2026,1910,2026,1910,2026,117,1,1
USC00052184,37.6911,-106.308,1,1,1893,2026,1893,2026,1893,2026,134,1,1
USC00052281,39.6244,-106.034,1,1,1910,2026,1910,2026,1910,2026,117,1,1
USC00052446,38.4758,-102.777,1,1,1907,2026,1907,2026,1907,2026,120,1,1
USC00052759,40.3853,-105.494,1,1,1896,2026,1896,2026,1896,2026,131,1,1
USC00052932,39.2814,-103.062,1,1,1919,2025,1919,2025,1919,2025,107,1,1
USC00053005,40.5764,-105.086,1,1,1893,2026,1893,2026,1893,2026,134,1,1
USC00053016,37.2308,-108.051,1,1,1917,2026,1917,2026,1917,2026,110,1,1
USC00053038,40.2569,-103.87,1,1,1896,2025,1896,2025,1896,2025,130,1,1
USC00053146,39.1444,-108.728,1,1,1893,2025,1893,2025,1893,2025,133,1,1
USC00053246,38.6878,-108.961,1,1,1956,2026,1956,2026,1956,2026,71,1,1
USC00053261,39.7053,-105.7,1,1,1893,2026,1893,2026,1893,2026,134,1,1
USC00053359,39.5556,-107.338,1,1,1893,2023,1893,2023,1893,2023,131,1,1
USC00053496,40.2669,-105.832,1,1,1939,2026,1939,2026,1939,2026,88,1,1
USC00053500,40.1819,-105.871,1,1,1948,2026,1948,2026,1948,2026,79,1,1
USC00053541,37.7333,-105.512,1,1,1950,2026,1950,2026,1950,2026,77,1,1
USC00053662,38.5253,-106.967,1,1,1893,2026,1893,2026,1893,2026,134,1,1
USC00053867,40.4925,-107.255,1,1,1909,2026,1909,2026,1909,2026,118,1,1
USC00053951,37.7494,-107.095,1,1,1920,2026,1920,2026,1920,2026,107,1,1
USC00054076,38.0517,-102.132,1,1,1900,2026,1900,2026,1900,2026,127,1,1
USC00054082,40.5453,-102.341,1,1,1897,2026,1897,2026,1897,2026,130,1,1
USC00054242,39.7033,-102.294,1,1,1941,2021,1941,2021,1941,2021,81,1,1
USC00054388,38.0633,-102.93,1,1,1941,2026,1941,2026,1941,2026,86,1,1
USC00054413,40.9881,-102.265,1,1,1893,2025,1893,2025,1893,2025,133,1,1
USC00054452,39.4903,-105.095,1,1,1918,2026,1918,2026,1918,2026,109,1,1
USC00054603,38.7625,-102.8,1,1,1939,2025,1939,2025,1939,2025,87,1,1
USC00054664,40.0578,-106.37,1,1,1908,2025,1908,2025,1908,2025,118,1,1
USC00054742,38.9069,-105.472,1,1,1960,2026,1960,2026,1960,2026,67,1,1
USC00054770,38.0936,-102.631,1,1,1893,2026,1893,2026,1893,2026,134,1,1
USC00054834,38.0636,-103.215,1,1,1893,2026,1893,2026,1893,2026,134,1,1
USC00054945,40.5147,-102.991,1,1,1893,2026,1893,2026,1893,2026,134,1,1
USC00055116,40.1694,-105.078,1,1,1893,2026,1893,2026,1893,2026,134,1,1
USC00055322,37.1711,-105.94,1,1,1893,2026,1893,2026,1893,2026,134,1,1
USC00055327,37.335,-108.316,1,1,1898,2026,1898,2026,1898,2026,129,1,1
USC00055446,40.5156,-108.094,1,1,1958,2026,1958,2026,1958,2026,69,1,1
USC00055484,40.0358,-107.906,1,1,1893,2026,1893,2026,1893,2026,134,1,1
USC00055531,37.1997,-108.489,1,1,1922,2026,1922,2026,1922,2026,105,1,1
USC00055706,37.5811,-106.187,1,1,1893,2026,1893,2026,1893,2026,134,1,1
USC00055722,38.4858,-107.879,1,1,1895,2026,1895,2026,1895,2026,132,1,1
USC00055970,37.8122,-109.013,1,1,1930,2026,1930,2026,1930,2026,97,1,1
USC00056266,39.1136,-108.351,1,1,1911,2026,1911,2026,1911,2026,116,1,1
USC00056832,40.0889,-108.773,1,1,1894,2026,1894,2026,1894,2026,133,1,1
USC00057167,38.0383,-103.695,1,1,1893,2026,1893,2026,1893,2026,134,1,1
USC00057309,38.8417,-104.974,1,1,1959,2026,1959,2026,1959,2026,68,1,1
USC00057337,38.0919,-106.151,1,1,1894,2026,1894,2026,1894,2026,133,1,1
USC00057460,38.4036,-106.424,1,1,1900,2026,1900,2026,1900,2026,127,1,1
USC00057515,40.8656,-102.516,1,1,1952,2026,1952,2026,1952,2026,75,1,1
USC00057618,39.5703,-107.227,1,1,1910,2026,1910,2026,1910,2026,117,1,1
USC00057656,37.8089,-107.663,1,1,1904,2026,1899,2026,1904,2026,123,1,1
USC00057936,40.4883,-106.823,1,1,1893,2026,1893,2026,1893,2026,134,1,1
USC00058064,39.2494,-106.371,1,1,1900,2026,1900,2026,1900,2026,127,1,1
USC00058157,38.3419,-104.057,1,1,1955,2026,1955,2026,1955,2026,72,1,1
USC00058184,38.8183,-106.609,1,1,1940,2026,1940,2026,1940,2026,87,1,1
USC00058204,37.9492,-107.874,1,1,1900,2026,1900,2026,1900,2026,127,1,1
USC00058429,37.1786,-104.487,1,1,1899,2026,1899,2026,1899,2026,128,1,1
USC00058582,37.3806,-107.581,1,1,1917,2026,1917,2026,1917,2026,110,1,1
USC00058756,40.7403,-106.282,1,1,1897,2026,1897,2026,1897,2026,130,1,1
USC00058781,37.63,-104.796,1,1,1934,2026,1934,2026,1934,2026,93,1,1
USC00058839,40.4258,-105.209,1,1,1902,2026,1902,2026,1902,2026,125,1,1
USC00058931,38.1314,-105.466,1,1,1895,2026,1895,2026,1895,2026,132,1,1
USC00059243,40.0819,-102.207,1,1,1893,2021,1893,2021,1893,2021,129,1,1
USC00059265,40.1564,-106.911,1,1,1941,2024,1941,2024,1941,2024,84,1,1
USC00059295,40.1236,-102.722,1,1,1900,2024,1939,2024,1939,2024,86,1,1
USC00100010,42.9536,-112.825,1,1,1914,2026,1914,2026,1914,2026,113,1,1
USC00100915,43.1917,-112.345,1,1,1895,2026,1895,2026,1895,2026,132,1,1
USC00102260,43.4625,-113.56,1,1,1958,2026,1958,2026,1958,2026,69,1,1
USC00102667,42.4261,-112.125,1,1,1895,2026,1895,2026,1895,2026,132,1,1
USC00103108,43.3428,-114.79,1,1,1948,2026,1948,2026,1948,2026,79,1,1
USC00103297,43.0331,-112.433,1,1,1914,2026,1914,2026,1914,2026,113,1,1
USC00103732,42.5631,-111.759,1,1,1907,2026,1907,2026,1907,2026,120,1,1
USC00104295,42.3528,-114.574,1,1,1912,2020,1912,2020,1912,2020,109,1,1
USC00104456,43.3456,-111.785,1,1,1960,2026,1960,2026,1960,2026,67,1,1
USC00104670,42.7325,-114.519,1,1,1915,2026,1915,2026,1915,2026,112,1,1
USC00105275,42.1231,-111.313,1,1,1919,2026,1919,2026,1919,2026,108,1,1
USC00105716,42.6522,-112.194,1,1,1949,2024,1949,2024,1949,2024,76,1,1
USC00105980,42.6769,-113.502,1,1,1947,2026,1947,2026,1947,2026,80,1,1
USC00106542,42.2339,-113.892,1,1,1893,2026,1893,2026,1893,2026,134,1,1
USC00107040,43.3086,-114.067,1,1,1958,2026,1958,2026,1958,2026,69,1,1
USC00107673,43.0517,-114.155,1,1,1910,2026,1910,2026,1910,2026,117,1,1
USC00107968,42.6028,-113.724,1,1,1906,2022,1906,2022,1906,2022,117,1,1
USC00108380,42.9383,-114.417,1,1,1908,2026,1908,2026,1908,2026,119,1,1
USC00108937,43.4372,-111.279,1,1,1960,2026,1960,2026,1960,2026,67,1,1
USC00250030,42.4244,-103.735,1,1,1900,2026,1902,2026,1902,2026,125,1,1
USC00251145,41.6681,-103.104,1,1,1897,2022,1897,2022,1897,2022,126,1,1
USC00251575,42.8083,-103.053,1,1,1894,2026,1894,2026,1894,2026,133,1,1
USC00252000,41.7608,-102.438,1,1,1935,2026,1935,2026,1935,2026,92,1,1
USC00253355,42.8967,-102.203,1,1,1909,2024,1909,2024,1909,2024,116,1,1
USC00253615,42.6858,-103.884,1,1,1914,2023,1914,2023,1914,2023,110,1,1
USC00254900,41.1489,-102.636,1,1,1894,2022,1894,2022,1894,2022,129,1,1
USC00255555,41.9178,-103.484,1,1,1925,2026,1925,2026,1925,2026,102,1,1
USC00256385,41.4014,-102.346,1,1,1913,2026,1913,2026,1913,2026,114,1,1
USC00257830,41.2292,-103.021,1,1,1927,2026,1927,2026,1927,2026,100,1,1
USC00261358,37.6128,-114.526,1,1,1903,2020,1903,2020,1903,2020,118,1,1
USC00264950,39.4142,-114.774,1,1,1892,2026,1892,2026,1892,2026,135,1,1
USC00265846,36.55,-114.458,1,1,1939,2026,1939,2026,1939,2026,88,1,1
USC00267175,39.2764,-114.991,1,1,1958,2022,1958,2022,1958,2022,65,1,1
USC00267369,35.4661,-114.922,1,1,1913,2026,1913,2026,1913,2026,114,1,1
USC00268988,41.1169,-114.979,1,1,1895,2024,1895,2024,1895,2024,130,1,1
USC00290041,36.2403,-106.428,1,1,1957,2026,1957,2026,1957,2026,70,1,1
USC00290245,36.0908,-106.057,1,1,1953,2026,1953,2026,1953,2026,74,1,1
USC00290377,35.8742,-103.182,1,1,1934,2025,1934,2025,1934,2025,92,1,1
USC00290417,31.9381,-108.769,1,1,1923,2020,1923,2020,1923,2020,98,1,1
USC00290600,32.7547,-104.384,1,1,1905,2026,1905,2026,1905,2026,122,1,1
USC00290640,34.075,-107.621,1,1,1926,2026,1926,2026,1926,2026,101,1,1
USC00290692,36.835,-108.001,1,1,1895,2026,1895,2026,1895,2026,132,1,1
USC00290983,33.9114,-106.349,1,1,1939,2026,1939,2026,1939,2026,88,1,1
USC00290992,33.4594,-104.404,1,1,1950,2024,1950,2024,1950,2024,75,1,1
USC00291138,33.8044,-106.891,1,1,1894,2026,1894,2026,1894,2026,133,1,1
USC00291286,32.8964,-107.308,1,1,1936,2026,1936,2026,1936,2026,91,1,1
USC00291469,32.3478,-104.222,1,1,1900,2021,1900,2021,1900,2021,122,1,1
USC00291480,32.1783,-104.443,1,1,1935,2024,1935,2024,1935,2024,90,1,1
USC00291630,36.7408,-105.596,1,1,1910,2022,1910,2022,1910,2022,113,1,1
USC00291647,36.0286,-107.911,1,1,1912,2022,1912,2022,1912,2022,111,1,1
USC00291664,36.9178,-106.578,1,1,1893,2026,1893,2026,1893,2026,134,1,1
USC00291813,36.4661,-104.946,1,1,1904,2025,1904,2025,1904,2025,122,1,1
USC00291910,32.8339,-108.505,1,1,1944,2026,1947,2026,1947,2026,80,1,1
USC00291963,34.5989,-103.216,1,1,1949,2026,1949,2026,1949,2026,78,1,1
USC00292030,35.4072,-104.191,1,1,1936,2026,1936,2026,1936,2026,91,1,1
USC00292241,35.995,-106.97,1,1,1938,2026,1938,2026,1938,2026,89,1,1
USC00292510,35.1842,-105.057,1,1,1944,2022,1944,2022,1944,2022,79,1,1
USC00292608,36.9358,-107,1,1,1906,2021,1906,2021,1906,2021,116,1,1
USC00292700,36.5575,-105.263,1,1,1929,2026,1929,2026,1929,2026,98,1,1
USC00292785,35.0381,-108.349,1,1,1938,2026,1938,2026,1938,2026,89,1,1
USC00292837,36.5928,-106.73,1,1,1906,2026,1906,2026,1906,2026,121,1,1
USC00292848,33.1461,-107.184,1,1,1908,2026,1908,2026,1908,2026,119,1,1
USC00292865,32.9161,-105.338,1,1,1895,2026,1895,2026,1895,2026,132,1,1
USC00293060,34.8242,-106.034,1,1,1904,2020,1904,2020,1904,2020,117,1,1
USC00293265,32.79,-108.227,1,1,1897,2026,1897,2026,1897,2026,130,1,1
USC00293488,35.8917,-105.448,1,1,1953,2022,1953,2022,1953,2022,70,1,1
USC00293530,33.1975,-108.207,1,1,1957,2026,1957,2026,1957,2026,70,1,1
USC00293577,33.3217,-108.879,1,1,1948,2025,1948,2025,1948,2025,78,1,1
USC00293649,34.2594,-106.093,1,1,1930,2026,1930,2026,1930,2026,97,1,1
USC00293706,36.5939,-103.619,1,1,1940,2022,1940,2022,1940,2022,83,1,1
USC00293775,31.9194,-108.344,1,1,1911,2023,1911,2023,1911,2023,113,1,1
USC00294009,32.9203,-107.566,1,1,1893,2026,1893,2026,1893,2026,134,1,1
USC00294026,32.7264,-103.131,1,1,1913,2022,1913,2022,1913,2022,110,1,1
USC00294028,32.6933,-103.213,1,1,1941,2026,1941,2026,1941,2026,86,1,1
USC00294112,32.8094,-104.738,1,1,1919,2026,1919,2026,1919,2026,108,1,1
USC00294346,32.1108,-103.187,1,1,1919,2023,1919,2023,1919,2023,105,1,1
USC00294366,35.3886,-106.544,1,1,1953,2026,1953,2026,1953,2026,74,1,1
USC00294369,35.7783,-106.687,1,1,1910,2026,1910,2026,1910,2026,117,1,1
USC00294426,32.6161,-106.74,1,1,1914,2026,1914,2026,1914,2026,113,1,1
USC00294742,36.9825,-104.375,1,1,1942,2026,1942,2026,1942,2026,85,1,1
USC00295084,35.8644,-106.321,1,1,1918,2026,1918,2026,1918,2026,109,1,1
USC00295150,34.7675,-106.761,1,1,1957,2026,1957,2026,1957,2026,70,1,1
USC00295490,36.5697,-104.587,1,1,1945,2021,1945,2021,1945,2021,77,1,1
USC00295754,32.91,-108.004,1,1,1906,2026,1908,2026,1908,2026,119,1,1
USC00295937,35.8022,-103.944,1,1,1926,2021,1926,2021,1926,2021,96,1,1
USC00295960,32.9542,-105.823,1,1,1894,2026,1894,2026,1894,2026,133,1,1
USC00295965,34.5208,-106.261,1,1,1902,2026,1902,2026,1902,2026,125,1,1
USC00296465,36.3339,-107.841,1,1,1957,2023,1957,2024,1957,2023,67,1,1
USC00296619,36.2994,-103.741,1,1,1925,2026,1925,2026,1925,2026,102,1,1
USC00296676,35.5489,-105.689,1,1,1919,2026,1919,2026,1919,2026,108,1,1
USC00296687,34.6153,-105.474,1,1,1956,2026,1956,2026,1956,2026,71,1,1
USC00297008,34.1742,-103.352,1,1,1905,2026,1905,2026,1905,2026,122,1,1
USC00297180,34.3447,-108.492,1,1,1918,2026,1918,2026,1918,2026,109,1,1
USC00297226,34.78,-103.749,1,1,1959,2026,1959,2026,1959,2026,68,1,1
USC00297279,36.9194,-104.433,1,1,1953,2026,1953,2026,1953,2026,74,1,1
USC00297323,36.71,-105.416,1,1,1906,2021,1906,2021,1906,2021,116,1,1
USC00297340,32.7047,-108.728,1,1,1958,2026,1958,2026,1958,2026,69,1,1
USC00297386,33.7158,-108.777,1,1,1954,2026,1954,2026,1954,2026,73,1,1
USC00297649,33.3678,-105.661,1,1,1941,2025,1941,2025,1941,2025,85,1,1
USC00297867,35.1086,-103.328,1,1,1907,2021,1907,2021,1907,2021,115,1,1
USC00298107,34.9561,-104.722,1,1,1918,2020,1918,2020,1918,2020,103,1,1
USC00298387,34.0606,-106.884,1,1,1893,2026,1893,2026,1893,2026,134,1,1
USC00298501,36.3628,-104.585,1,1,1892,2020,1892,2020,1892,2020,129,1,1
USC00298518,35.1767,-105.944,1,1,1954,2023,1954,2023,1954,2023,70,1,1
USC00298535,32.2822,-106.76,1,1,1959,2026,1959,2026,1959,2026,68,1,1
USC00299156,35.2006,-103.687,1,1,1904,2026,1904,2026,1904,2026,123,1,1
USC00299686,32.7822,-106.176,1,1,1939,2026,1939,2026,1939,2026,88,1,1
USC00299691,32.5619,-108.361,1,1,1960,2026,1960,2026,1960,2026,67,1,1
USC00299820,35.9478,-106.747,1,1,1952,2026,1952,2026,1952,2026,75,1,1
USC00299851,34.4031,-104.613,1,1,1960,2026,1960,2026,1960,2026,67,1,1
USC00340908,36.7236,-102.481,1,1,1908,2020,1908,2020,1908,2020,113,1,1
USC00394007,43.4378,-103.474,1,1,1894,2026,1894,2026,1894,2026,133,1,1
USC00394630,43.4403,-102.143,1,1,1956,2026,1956,2026,1956,2026,71,1,1
USC00396212,43.1878,-103.237,1,1,1893,2026,1893,2026,1893,2026,134,1,1
USC00411128,33.1908,-102.268,1,1,1953,2026,1953,2026,1953,2026,74,1,1
USC00412082,31.4072,-102.358,1,1,1929,2026,1929,2026,1929,2026,98,1,1
USC00412238,36.0606,-102.521,1,1,1946,2022,1946,2022,1946,2022,77,1,1
USC00414098,34.8172,-102.4,1,1,1905,2026,1905,2026,1905,2026,122,1,1
USC00415183,33.55,-102.376,1,1,1937,2026,1937,2026,1937,2026,90,1,1
USC00415707,31.1331,-102.222,1,1,1932,2026,1932,2026,1932,2026,95,1,1
USC00415891,32.0186,-102.026,1,1,1894,2020,1894,2020,1894,2020,127,1,1
USC00416135,34.2192,-102.733,1,1,1927,2026,1927,2026,1927,2026,100,1,1
USC00416502,31.8797,-102.359,1,1,1950,2025,1950,2025,1950,2025,76,1,1
USC00416644,34.1794,-102.135,1,1,1942,2026,1942,2026,1942,2026,85,1,1
USC00417074,33.1869,-102.828,1,1,1946,2026,1946,2026,1946,2026,81,1,1
USC00418201,32.7131,-102.66,1,1,1922,2023,1922,2023,1922,2023,102,1,1
USC00419295,31.0417,-104.837,1,1,1942,2025,1942,2025,1942,2025,84,1,1
USC00420072,40.5906,-111.637,1,1,1906,2026,1906,2026,1906,2026,121,1,1
USC00420074,40.3669,-110.299,1,1,1953,2026,1953,2026,1953,2026,74,1,1
USC00420086,37.4403,-112.482,1,1,1915,2026,1915,2026,1915,2026,112,1,1
USC00420730,38.7075,-112.954,1,1,1900,2026,1900,2026,1900,2026,127,1,1
USC00420738,37.6133,-109.485,1,1,1904,2026,1904,2026,1904,2026,123,1,1
USC00420788,37.2825,-109.558,1,1,1911,2026,1911,2026,1911,2026,116,1,1
USC00420849,37.905,-111.42,1,1,1954,2026,1954,2026,1954,2026,73,1,1
USC00421008,37.6411,-112.17,1,1,1959,2026,1959,2026,1959,2026,68,1,1
USC00421144,39.8997,-113.713,1,1,1902,2026,1902,2026,1902,2026,125,1,1
USC00421214,39.2078,-111.013,1,1,1899,2026,1899,2026,1899,2026,128,1,1
USC00421759,40.6189,-111.784,1,1,1941,2026,1941,2026,1941,2026,86,1,1
USC00422057,40.4044,-111.529,1,1,1939,2026,1939,2026,1939,2026,88,1,1
USC00422101,39.2875,-112.651,1,1,1893,2026,1893,2026,1893,2026,134,1,1
USC00422173,40.4383,-109.307,1,1,1916,2026,1916,2026,1916,2026,111,1,1
USC00422253,40.1703,-110.398,1,1,1906,2026,1906,2026,1906,2026,121,1,1
USC00422385,40.9656,-111.434,1,1,1940,2026,1940,2026,1940,2026,87,1,1
USC00422558,37.5725,-113.709,1,1,1926,2026,1926,2026,1926,2026,101,1,1
USC00422578,39.3583,-111.599,1,1,1950,2026,1950,2026,1950,2026,77,1,1
USC00422592,37.7686,-111.598,1,1,1901,2026,1901,2026,1901,2026,126,1,1
USC00422696,40.2622,-112.09,1,1,1950,2026,1950,2026,1950,2026,77,1,1
USC00422798,39.0883,-111.149,1,1,1897,2026,1897,2026,1897,2026,130,1,1
USC00422828,38.9603,-112.324,1,1,1893,2026,1893,2026,1893,2026,134,1,1
USC00422864,40.9297,-109.397,1,1,1957,2026,1957,2026,1957,2026,70,1,1
USC00422996,40.2842,-109.861,1,1,1887,2025,1887,2025,1887,2025,139,1,1
USC00423348,40.6019,-112.507,1,1,1913,2026,1913,2026,1913,2026,114,1,1
USC00423624,40.4006,-110.759,1,1,1953,2026,1953,2026,1953,2026,74,1,1
USC00424100,37.3858,-109.075,1,1,1957,2026,1957,2026,1957,2026,70,1,1
USC00424174,40.015,-114.011,1,1,1903,2026,1903,2026,1903,2026,124,1,1
USC00424342,40.3644,-109.346,1,1,1939,2026,1939,2026,1939,2026,88,1,1
USC00424467,40.6439,-111.282,1,1,1949,2026,1949,2026,1949,2026,78,1,1
USC00424508,37.0286,-112.536,1,1,1902,2026,1902,2026,1902,2026,125,1,1
USC00424856,41.8253,-111.321,1,1,1900,2026,1900,2026,1900,2026,127,1,1
USC00424968,37.2008,-113.269,1,1,1950,2026,1950,2026,1950,2026,77,1,1
USC00425065,39.5608,-111.865,1,1,1895,2026,1895,2026,1895,2026,132,1,1
USC00425148,38.4061,-111.642,1,1,1893,2026,1893,2026,1893,2026,134,1,1
USC00425182,41.735,-111.856,1,1,1956,2026,1956,2026,1956,2026,71,1,1
USC00425186,41.7456,-111.803,1,1,1893,2026,1893,2026,1893,2026,134,1,1
USC00425377,40.99,-109.726,1,1,1911,2026,1911,2026,1911,2026,116,1,1
USC00425402,39.2583,-111.631,1,1,1893,2026,1893,2026,1893,2026,134,1,1
USC00425477,38.4492,-112.224,1,1,1913,2023,1913,2023,1913,2023,111,1,1
USC00425733,38.5744,-109.546,1,1,1893,2024,1893,2024,1893,2024,132,1,1
USC00425815,40.5617,-110.493,1,1,1937,2026,1937,2026,1937,2026,90,1,1
USC00425826,41.0367,-111.671,1,1,1903,2024,1903,2024,1903,2024,122,1,1
USC00425837,39.5267,-111.587,1,1,1910,2026,1910,2026,1910,2026,117,1,1
USC00425892,40.7486,-111.723,1,1,1927,2026,1935,2026,1935,2026,92,1,1
USC00425969,40.1942,-110.061,1,1,1918,2026,1918,2026,1918,2026,109,1,1
USC00426123,40.4178,-110.051,1,1,1956,2026,1956,2026,1956,2026,71,1,1
USC00426135,39.7119,-111.832,1,1,1913,2026,1913,2026,1913,2026,114,1,1
USC00426181,37.4636,-113.29,1,1,1952,2026,1952,2026,1952,2026,75,1,1
USC00426357,39.3708,-112.332,1,1,1905,2026,1905,2026,1905,2026,122,1,1
USC00426568,40.1344,-109.644,1,1,1941,2024,1941,2024,1941,2024,84,1,1
USC00426601,37.8247,-112.431,1,1,1911,2026,1911,2026,1911,2026,116,1,1
USC00426686,37.8831,-112.771,1,1,1893,2026,1893,2026,1893,2026,134,1,1
USC00426708,39.6308,-113.886,1,1,1905,2026,1905,2026,1905,2026,122,1,1
USC00426869,41.2578,-111.838,1,1,1940,2026,1940,2026,1940,2026,87,1,1
USC00426919,40.3678,-111.734,1,1,1947,2026,1947,2026,1947,2026,80,1,1
USC00427061,40.2167,-111.717,1,1,1948,2026,1948,2026,1948,2026,79,1,1
USC00427064,40.2458,-111.651,1,1,1916,2026,1916,2026,1916,2026,111,1,1
USC00427165,41.6608,-111.187,1,1,1893,2026,1893,2026,1893,2026,134,1,1
USC00427260,38.7617,-112.078,1,1,1893,2026,1893,2026,1893,2026,134,1,1
USC00427271,41.9064,-111.81,1,1,1949,2026,1949,2026,1949,2026,78,1,1
USC00427395,40.2875,-109.959,1,1,1948,2025,1948,2025,1948,2025,78,1,1
USC00427516,37.1189,-113.607,1,1,1893,2026,1893,2026,1893,2026,134,1,1
USC00427686,39.9578,-111.779,1,1,1914,2026,1914,2026,1914,2026,113,1,1
USC00427714,39.2453,-112.107,1,1,1895,2026,1895,2026,1895,2026,132,1,1
USC00427724,39.7856,-111.119,1,1,1948,2026,1948,2026,1948,2026,79,1,1
USC00427846,40.6011,-111.584,1,1,1936,2026,1936,2026,1936,2026,91,1,1
USC00427909,40.5453,-111.504,1,1,1913,2026,1913,2026,1913,2026,114,1,1
USC00428119,40.08,-111.605,1,1,1909,2026,1909,2026,1909,2026,118,1,1
USC00428705,38.9522,-109.687,1,1,1911,2022,1911,2022,1911,2022,112,1,1
USC00428733,40.4422,-111.713,1,1,1947,2020,1947,2020,1947,2020,74,1,1
USC00428771,40.5353,-112.322,1,1,1896,2026,1896,2026,1896,2026,131,1,1
USC00428828,41.9153,-111.911,1,1,1944,2026,1944,2026,1944,2026,83,1,1
USC00428973,40.3603,-111.897,1,1,1904,2026,1904,2026,1904,2026,123,1,1
USC00429111,40.44,-109.536,1,1,1894,2026,1894,2026,1894,2026,133,1,1
USC00429133,40.0986,-112.481,1,1,1953,2026,1953,2026,1953,2026,74,1,1
USC00429165,40.7908,-111.408,1,1,1955,2026,1955,2026,1955,2026,72,1,1
USC00429595,41.5147,-111.159,1,1,1897,2026,1897,2026,1897,2026,130,1,1
USC00429717,37.2092,-112.981,1,1,1904,2026,1904,2026,1904,2026,123,1,1
USC00480027,42.7331,-110.922,1,1,1957,2026,1957,2026,1957,2026,70,1,1
USC00480432,42.4958,-108.732,1,1,1897,2023,1897,2023,1897,2023,127,1,1
USC00480865,43.2094,-110.403,1,1,1948,2026,1948,2026,1948,2026,79,1,1
USC00481000,43.4053,-108.163,1,1,1948,2026,1948,2026,1948,2026,79,1,1
USC00481730,41.7589,-104.823,1,1,1900,2024,1900,2024,1900,2024,125,1,1
USC00481736,41.3975,-110.088,1,1,1891,2026,1955,2026,1955,2026,72,1,1
USC00482595,43.2281,-108.949,1,1,1920,2024,1920,2024,1920,2024,105,1,1
USC00482725,43.4117,-104.961,1,1,1926,2022,1926,2022,1926,2022,97,1,1
USC00483100,41.2625,-110.946,1,1,1890,2026,1890,2026,1890,2026,137,1,1
USC00483170,42.1397,-109.431,1,1,1915,2026,1915,2026,1915,2026,112,1,1
USC00484065,41.5167,-109.47,1,1,1897,2026,1897,2026,1897,2026,130,1,1
USC00484910,43.4864,-110.762,1,1,1905,2026,1905,2026,1905,2026,122,1,1
USC00485105,41.8181,-110.533,1,1,1902,2026,1902,2026,1902,2026,125,1,1
USC00485525,42.1953,-106.856,1,1,1930,2026,1930,2026,1930,2026,97,1,1
USC00485612,42.1297,-104.39,1,1,1952,2026,1952,2026,1952,2026,75,1,1
USC00486120,41.8994,-106.206,1,1,1881,2026,1948,2026,1948,2026,79,1,1
USC00486195,43.4131,-106.277,1,1,1939,2025,1939,2025,1939,2025,87,1,1
USC00487105,42.4717,-106.853,1,1,1905,2026,1905,2026,1905,2026,122,1,1
USC00487115,43.2458,-108.694,1,1,1919,2026,1919,2026,1919,2026,108,1,1
USC00487260,42.875,-109.862,1,1,1948,2026,1948,2026,1948,2026,79,1,1
USC00487375,43.0353,-106.989,1,1,1948,2023,1948,2023,1948,2023,76,1,1
USC00487555,43.2428,-104.286,1,1,1948,2026,1948,2026,1948,2026,79,1,1
USC00487760,43.0306,-108.374,1,1,1907,2026,1907,2026,1907,2026,120,1,1
USC00488209,43.2372,-108.11,1,1,1931,2026,1931,2026,1931,2026,96,1,1
USC00489459,41.6717,-107.978,1,1,1897,2026,1897,2026,1897,2026,130,1,1
USC00489604,42.2494,-104.628,1,1,1949,2026,1949,2026,1949,2026,78,1,1
USC00489615,42.11,-104.949,1,1,1893,2023,1893,2023,1893,2023,131,1,1
USW00003103,35.1442,-111.666,1,1,1893,2026,1893,2026,1893,2026,134,1,1
USW00003124,31.5883,-110.344,1,1,1900,2026,1900,2026,1900,2026,127,1,1
USW00003125,32.8356,-114.394,1,1,1955,2026,1955,2026,1955,2026,72,1,1
USW00023002,32.85,-106.1,1,1,1949,2026,1949,2026,1949,2026,78,1,1
USW00023008,34.3833,-103.317,1,1,1951,2026,1951,2026,1951,2026,76,1,1
USW00023009,33.3072,-104.508,1,1,1946,2026,1946,2026,1946,2026,81,1,1
USW00023012,39.7167,-104.9,1,1,1949,2026,1949,2026,1949,2026,78,1,1
USW00023019,31.8333,-106.4,1,1,1949,2026,1949,2026,1949,2026,78,1,1
USW00023023,31.9433,-102.189,1,1,1930,2026,1930,2026,1930,2026,97,1,1
USW00023040,31.78,-103.202,1,1,1938,2025,1938,2025,1938,2025,88,1,1
USW00023044,31.8122,-106.377,1,1,1938,2026,1938,2026,1938,2026,89,1,1
USW00023048,35.1806,-103.601,1,1,1948,2026,1948,2026,1948,2026,79,1,1
USW00023049,35.6108,-106.096,1,1,1941,2026,1941,2026,1941,2026,86,1,1
USW00023050,35.0419,-106.616,1,1,1931,2026,1931,2026,1931,2026,96,1,1
USW00023051,36.4483,-103.154,1,1,1896,2026,1896,2026,1896,2026,131,1,1
USW00023052,36.7417,-104.508,1,1,1948,2026,1948,2026,1948,2026,79,1,1
USW00023054,35.6558,-105.139,1,1,1940,2026,1940,2026,1940,2026,87,1,1
USW00023055,31.8328,-104.809,1,1,1948,2023,1948,2023,1948,2023,76,1,1
USW00023061,37.4394,-105.862,1,1,1948,2026,1948,2026,1948,2026,79,1,1
USW00023062,39.7633,-104.869,1,1,1948,2026,1948,2026,1948,2026,79,1,1
USW00023063,39.65,-106.917,1,1,1904,2026,1904,2026,1904,2026,123,1,1
USW00023066,39.1344,-108.541,1,1,1900,2026,1900,2026,1900,2026,127,1,1
USW00023067,38.0494,-103.513,1,1,1945,2026,1945,2026,1945,2026,82,1,1
USW00023070,37.2622,-104.332,1,1,1948,2026,1948,2026,1948,2026,79,1,1
USW00023090,36.7436,-108.229,1,1,1948,2026,1948,2026,1948,2026,79,1,1
USW00023104,33.2892,-111.669,1,1,1949,2026,1949,2026,1949,2026,78,1,1
USW00023109,32.1667,-110.883,1,1,1949,2026,1949,2026,1949,2026,78,1,1
USW00023111,33.55,-112.367,1,1,1951,2026,1951,2026,1951,2026,76,1,1
USW00023154,39.2953,-114.847,1,1,1893,2026,1893,2026,1893,2026,134,1,1
USW00023158,33.6189,-114.714,1,1,1948,2026,1948,2026,1948,2026,79,1,1
USW00023159,37.7014,-112.149,1,1,1948,2026,1948,2026,1948,2026,79,1,1
USW00023160,32.1317,-110.956,1,1,1946,2026,1946,2026,1946,2026,81,1,1
USW00023162,39.3375,-112.586,1,1,1938,2026,1938,2026,1938,2026,89,1,1
USW00023170,38.3706,-110.715,1,1,1910,2026,1910,2026,1910,2026,117,1,1
USW00023179,34.7678,-114.618,1,1,1940,2026,1940,2026,1940,2026,87,1,1
USW00023183,33.4278,-112.004,1,1,1933,2026,1933,2026,1933,2026,94,1,1
USW00023184,34.6492,-112.422,1,1,1948,2026,1948,2026,1948,2026,79,1,1
USW00023194,35.0281,-110.722,1,1,1898,2026,1898,2026,1898,2026,129,1,1
USW00024015,40.1744,-103.215,1,1,1937,2026,1937,2026,1937,2026,90,1,1
USW00024018,41.1519,-104.806,1,1,1915,2026,1915,2026,1915,2026,112,1,1
USW00024021,42.8153,-108.726,1,1,1948,2026,1948,2026,1948,2026,79,1,1
USW00024022,41.3164,-105.673,1,1,1948,2026,1948,2026,1948,2026,79,1,1
USW00024027,41.5947,-109.053,1,1,1948,2026,1948,2026,1948,2026,79,1,1
USW00024028,41.8747,-103.601,1,1,1893,2026,1893,2026,1893,2026,134,1,1
USW00024030,41.0992,-102.986,1,1,1948,2026,1948,2026,1948,2026,79,1,1
USW00024057,41.8064,-107.195,1,1,1951,2026,1951,2026,1951,2026,76,1,1
USW00024089,42.8978,-106.474,1,1,1948,2026,1948,2026,1948,2026,79,1,1
USW00024101,41.1167,-111.967,1,1,1946,2026,1946,2026,1946,2026,81,1,1
USW00024103,40.1833,-112.933,1,1,1949,2025,1949,2025,1949,2025,77,1,1
USW00024126,41.1942,-112.017,1,1,1948,2026,1948,2026,1948,2026,79,1,1
USW00024127,40.7706,-111.965,1,1,1948,2026,1948,2026,1948,2026,79,1,1
USW00024133,42.5453,-113.769,1,1,1948,2026,1948,2026,1948,2026,79,1,1
USW00024142,42.9167,-114.717,1,1,1909,2026,1909,2026,1909,2026,118,1,1
USW00024151,42.1492,-112.287,1,1,1948,2026,1948,2026,1948,2026,79,1,1
USW00024156,42.9197,-112.572,1,1,1939,2026,1939,2026,1939,2026,88,1,1
USW00024193,40.7206,-114.036,1,1,1911,2026,1911,2026,1911,2026,116,1,1
USW00093009,39.2281,-106.316,1,1,1948,2026,1948,2026,1948,2026,79,1,1
USW00093010,39.2733,-103.668,1,1,1948,2026,1948,2026,1948,2026,79,1,1
USW00093026,31.4583,-109.607,1,1,1948,2026,1948,2026,1948,2026,79,1,1
USW00093033,32.3336,-104.258,1,1,1930,2026,1930,2026,1930,2026,97,1,1
USW00093037,38.8094,-104.689,1,1,1948,2026,1948,2026,1948,2026,79,1,1
USW00093042,36.0253,-102.549,1,1,1948,2026,1948,2026,1948,2026,79,1,1
USW00093044,35.0706,-108.839,1,1,1949,2025,1949,2025,1949,2025,77,1,1
USW00093045,33.2369,-107.269,1,1,1950,2026,1950,2026,1950,2026,77,1,1
USW00093058,38.2886,-104.506,1,1,1954,2026,1954,2026,1954,2026,73,1,1
USW00093063,32.6333,-108.167,1,1,1960,2026,1960,2026,1960,2026,67,1,1
USW00093129,37.7067,-113.097,1,1,1948,2026,1948,2026,1948,2026,79,1,1
USW00093139,34.2325,-111.345,1,1,1940,2026,1940,2026,1940,2026,87,1,1
